"start time","request type","latency","response code"
"1644821766043","POST","351","200"
"1644821766043","POST","351","200"
"1644821766043","POST","351","200"
"1644821766043","POST","351","200"
"1644821766043","POST","351","200"
"1644821766043","POST","351","200"
"1644821766042","POST","352","200"
"1644821766043","POST","353","200"
"1644821766042","POST","354","200"
"1644821766043","POST","353","200"
"1644821766044","POST","352","200"
"1644821766044","POST","352","200"
"1644821766043","POST","353","200"
"1644821766043","POST","353","200"
"1644821766044","POST","352","200"
"1644821766043","POST","353","200"
"1644821766043","POST","353","200"
"1644821766043","POST","353","200"
"1644821766042","POST","355","200"
"1644821766043","POST","354","200"
"1644821766043","POST","356","200"
"1644821766044","POST","355","200"
"1644821766043","POST","356","200"
"1644821766043","POST","356","200"
"1644821766043","POST","356","200"
"1644821766394","POST","13","200"
"1644821766394","POST","14","200"
"1644821766394","POST","14","200"
"1644821766396","POST","12","200"
"1644821766396","POST","12","200"
"1644821766394","POST","15","200"
"1644821766394","POST","17","200"
"1644821766396","POST","15","200"
"1644821766396","POST","15","200"
"1644821766396","POST","15","200"
"1644821766396","POST","15","200"
"1644821766397","POST","14","200"
"1644821766396","POST","15","200"
"1644821766396","POST","15","200"
"1644821766397","POST","15","200"
"1644821766396","POST","17","200"
"1644821766396","POST","17","200"
"1644821766399","POST","14","200"
"1644821766396","POST","17","200"
"1644821766399","POST","14","200"
"1644821766399","POST","14","200"
"1644821766399","POST","14","200"
"1644821766399","POST","15","200"
"1644821766394","POST","24","200"
"1644821766394","POST","27","200"
"1644821766407","POST","14","200"
"1644821766408","POST","14","200"
"1644821766408","POST","15","200"
"1644821766408","POST","15","200"
"1644821766409","POST","14","200"
"1644821766411","POST","13","200"
"1644821766411","POST","13","200"
"1644821766408","POST","16","200"
"1644821766411","POST","13","200"
"1644821766411","POST","16","200"
"1644821766411","POST","16","200"
"1644821766411","POST","16","200"
"1644821766411","POST","16","200"
"1644821766412","POST","15","200"
"1644821766411","POST","16","200"
"1644821766413","POST","15","200"
"1644821766413","POST","15","200"
"1644821766413","POST","16","200"
"1644821766413","POST","16","200"
"1644821766415","POST","14","200"
"1644821766413","POST","16","200"
"1644821766418","POST","12","200"
"1644821766421","POST","11","200"
"1644821766421","POST","12","200"
"1644821766423","POST","13","200"
"1644821766423","POST","13","200"
"1644821766424","POST","13","200"
"1644821766424","POST","13","200"
"1644821766424","POST","13","200"
"1644821766423","POST","14","200"
"1644821766423","POST","14","200"
"1644821766424","POST","13","200"
"1644821766413","POST","25","200"
"1644821766427","POST","13","200"
"1644821766427","POST","13","200"
"1644821766427","POST","15","200"
"1644821766427","POST","16","200"
"1644821766413","POST","30","200"
"1644821766430","POST","13","200"
"1644821766428","POST","15","200"
"1644821766427","POST","16","200"
"1644821766428","POST","16","200"
"1644821766429","POST","15","200"
"1644821766432","POST","12","200"
"1644821766429","POST","15","200"
"1644821766429","POST","15","200"
"1644821766429","POST","15","200"
"1644821766438","POST","12","200"
"1644821766438","POST","14","200"
"1644821766438","POST","14","200"
"1644821766438","POST","14","200"
"1644821766438","POST","16","200"
"1644821766437","POST","17","200"
"1644821766438","POST","16","200"
"1644821766440","POST","14","200"
"1644821766439","POST","17","200"
"1644821766427","POST","29","200"
"1644821766443","POST","16","200"
"1644821766444","POST","15","200"
"1644821766442","POST","17","200"
"1644821766443","POST","17","200"
"1644821766444","POST","16","200"
"1644821766443","POST","18","200"
"1644821766443","POST","18","200"
"1644821766443","POST","19","200"
"1644821766444","POST","18","200"
"1644821766444","POST","18","200"
"1644821766444","POST","20","200"
"1644821766444","POST","20","200"
"1644821766450","POST","14","200"
"1644821766452","POST","14","200"
"1644821766452","POST","14","200"
"1644821766452","POST","14","200"
"1644821766438","POST","28","200"
"1644821766454","POST","18","200"
"1644821766454","POST","18","200"
"1644821766438","POST","34","200"
"1644821766439","POST","33","200"
"1644821766454","POST","18","200"
"1644821766438","POST","34","200"
"1644821766438","POST","34","200"
"1644821766438","POST","34","200"
"1644821766438","POST","34","200"
"1644821766440","POST","33","200"
"1644821766439","POST","34","200"
"1644821766438","POST","35","200"
"1644821766437","POST","37","200"
"1644821766456","POST","18","200"
"1644821766441","POST","33","200"
"1644821766440","POST","34","200"
"1644821766439","POST","35","200"
"1644821766440","POST","34","200"
"1644821766442","POST","34","200"
"1644821766439","POST","38","200"
"1644821766440","POST","37","200"
"1644821766441","POST","36","200"
"1644821766439","POST","38","200"
"1644821766459","POST","18","200"
"1644821766441","POST","36","200"
"1644821766438","POST","39","200"
"1644821766438","POST","39","200"
"1644821766440","POST","37","200"
"1644821766440","POST","37","200"
"1644821766459","POST","18","200"
"1644821766440","POST","37","200"
"1644821766440","POST","37","200"
"1644821766442","POST","39","200"
"1644821766441","POST","40","200"
"1644821766446","POST","36","200"
"1644821766447","POST","35","200"
"1644821766460","POST","22","200"
"1644821766461","POST","21","200"
"1644821766441","POST","41","200"
"1644821766442","POST","40","200"
"1644821766445","POST","37","200"
"1644821766466","POST","16","200"
"1644821766462","POST","21","200"
"1644821766466","POST","17","200"
"1644821766442","POST","41","200"
"1644821766464","POST","19","200"
"1644821766441","POST","42","200"
"1644821766442","POST","41","200"
"1644821766444","POST","39","200"
"1644821766464","POST","19","200"
"1644821766444","POST","39","200"
"1644821766466","POST","17","200"
"1644821766446","POST","37","200"
"1644821766445","POST","39","200"
"1644821766446","POST","38","200"
"1644821766446","POST","38","200"
"1644821766462","POST","22","200"
"1644821766464","POST","20","200"
"1644821766442","POST","42","200"
"1644821766445","POST","39","200"
"1644821766445","POST","39","200"
"1644821766446","POST","38","200"
"1644821766441","POST","43","200"
"1644821766447","POST","37","200"
"1644821766441","POST","44","200"
"1644821766459","POST","26","200"
"1644821766442","POST","43","200"
"1644821766461","POST","24","200"
"1644821766460","POST","25","200"
"1644821766441","POST","44","200"
"1644821766466","POST","19","200"
"1644821766445","POST","40","200"
"1644821766447","POST","38","200"
"1644821766442","POST","43","200"
"1644821766447","POST","39","200"
"1644821766446","POST","40","200"
"1644821766448","POST","39","200"
"1644821766448","POST","41","200"
"1644821766449","POST","40","200"
"1644821766446","POST","43","200"
"1644821766447","POST","42","200"
"1644821766447","POST","42","200"
"1644821766448","POST","41","200"
"1644821766472","POST","17","200"
"1644821766448","POST","41","200"
"1644821766472","POST","17","200"
"1644821766447","POST","42","200"
"1644821766472","POST","17","200"
"1644821766448","POST","41","200"
"1644821766449","POST","41","200"
"1644821766447","POST","43","200"
"1644821766448","POST","43","200"
"1644821766472","POST","19","200"
"1644821766473","POST","18","200"
"1644821766449","POST","42","200"
"1644821766449","POST","42","200"
"1644821766448","POST","44","200"
"1644821766477","POST","15","200"
"1644821766472","POST","20","200"
"1644821766474","POST","18","200"
"1644821766448","POST","44","200"
"1644821766476","POST","16","200"
"1644821766474","POST","18","200"
"1644821766448","POST","44","200"
"1644821766449","POST","43","200"
"1644821766474","POST","18","200"
"1644821766474","POST","18","200"
"1644821766473","POST","19","200"
"1644821766477","POST","16","200"
"1644821766447","POST","46","200"
"1644821766473","POST","20","200"
"1644821766477","POST","16","200"
"1644821766448","POST","45","200"
"1644821766449","POST","45","200"
"1644821766472","POST","22","200"
"1644821766447","POST","47","200"
"1644821766477","POST","17","200"
"1644821766474","POST","20","200"
"1644821766477","POST","17","200"
"1644821766472","POST","22","200"
"1644821766477","POST","17","200"
"1644821766448","POST","46","200"
"1644821766477","POST","17","200"
"1644821766474","POST","21","200"
"1644821766477","POST","18","200"
"1644821766477","POST","19","200"
"1644821766477","POST","19","200"
"1644821766477","POST","19","200"
"1644821766477","POST","19","200"
"1644821766472","POST","24","200"
"1644821766472","POST","24","200"
"1644821766477","POST","19","200"
"1644821766482","POST","16","200"
"1644821766484","POST","14","200"
"1644821766483","POST","15","200"
"1644821766482","POST","16","200"
"1644821766483","POST","15","200"
"1644821766483","POST","15","200"
"1644821766482","POST","16","200"
"1644821766482","POST","16","200"
"1644821766481","POST","18","200"
"1644821766483","POST","16","200"
"1644821766481","POST","18","200"
"1644821766483","POST","17","200"
"1644821766484","POST","16","200"
"1644821766484","POST","16","200"
"1644821766483","POST","17","200"
"1644821766482","POST","18","200"
"1644821766483","POST","17","200"
"1644821766482","POST","18","200"
"1644821766483","POST","17","200"
"1644821766484","POST","16","200"
"1644821766484","POST","16","200"
"1644821766484","POST","16","200"
"1644821766485","POST","15","200"
"1644821766484","POST","16","200"
"1644821766485","POST","16","200"
"1644821766487","POST","14","200"
"1644821766484","POST","17","200"
"1644821766482","POST","19","200"
"1644821766485","POST","16","200"
"1644821766484","POST","17","200"
"1644821766486","POST","16","200"
"1644821766484","POST","18","200"
"1644821766485","POST","17","200"
"1644821766484","POST","18","200"
"1644821766485","POST","17","200"
"1644821766486","POST","16","200"
"1644821766485","POST","17","200"
"1644821766485","POST","17","200"
"1644821766485","POST","17","200"
"1644821766485","POST","17","200"
"1644821766485","POST","17","200"
"1644821766489","POST","14","200"
"1644821766489","POST","16","200"
"1644821766489","POST","16","200"
"1644821766489","POST","16","200"
"1644821766489","POST","16","200"
"1644821766489","POST","18","200"
"1644821766489","POST","18","200"
"1644821766489","POST","18","200"
"1644821766491","POST","16","200"
"1644821766489","POST","18","200"
"1644821766489","POST","18","200"
"1644821766489","POST","18","200"
"1644821766492","POST","15","200"
"1644821766492","POST","15","200"
"1644821766491","POST","17","200"
"1644821766491","POST","17","200"
"1644821766492","POST","16","200"
"1644821766490","POST","18","200"
"1644821766492","POST","16","200"
"1644821766491","POST","18","200"
"1644821766492","POST","17","200"
"1644821766492","POST","17","200"
"1644821766492","POST","17","200"
"1644821766492","POST","17","200"
"1644821766494","POST","15","200"
"1644821766490","POST","19","200"
"1644821766492","POST","17","200"
"1644821766494","POST","15","200"
"1644821766491","POST","18","200"
"1644821766492","POST","17","200"
"1644821766495","POST","14","200"
"1644821766492","POST","17","200"
"1644821766493","POST","16","200"
"1644821766494","POST","15","200"
"1644821766493","POST","18","200"
"1644821766493","POST","18","200"
"1644821766493","POST","18","200"
"1644821766495","POST","16","200"
"1644821766494","POST","17","200"
"1644821766494","POST","17","200"
"1644821766494","POST","17","200"
"1644821766493","POST","18","200"
"1644821766494","POST","17","200"
"1644821766494","POST","17","200"
"1644821766496","POST","15","200"
"1644821766496","POST","16","200"
"1644821766496","POST","16","200"
"1644821766496","POST","16","200"
"1644821766496","POST","17","200"
"1644821766498","POST","15","200"
"1644821766499","POST","17","200"
"1644821766498","POST","18","200"
"1644821766499","POST","17","200"
"1644821766499","POST","17","200"
"1644821766500","POST","16","200"
"1644821766500","POST","16","200"
"1644821766500","POST","16","200"
"1644821766500","POST","18","200"
"1644821766502","POST","16","200"
"1644821766500","POST","18","200"
"1644821766501","POST","17","200"
"1644821766500","POST","19","200"
"1644821766501","POST","18","200"
"1644821766501","POST","18","200"
"1644821766500","POST","19","200"
"1644821766502","POST","17","200"
"1644821766503","POST","16","200"
"1644821766502","POST","17","200"
"1644821766501","POST","18","200"
"1644821766500","POST","19","200"
"1644821766500","POST","19","200"
"1644821766502","POST","17","200"
"1644821766502","POST","17","200"
"1644821766505","POST","14","200"
"1644821766505","POST","15","200"
"1644821766502","POST","18","200"
"1644821766503","POST","17","200"
"1644821766502","POST","18","200"
"1644821766500","POST","20","200"
"1644821766502","POST","18","200"
"1644821766505","POST","15","200"
"1644821766505","POST","15","200"
"1644821766503","POST","17","200"
"1644821766509","POST","12","200"
"1644821766509","POST","16","200"
"1644821766507","POST","18","200"
"1644821766509","POST","16","200"
"1644821766509","POST","16","200"
"1644821766507","POST","18","200"
"1644821766509","POST","16","200"
"1644821766508","POST","17","200"
"1644821766508","POST","17","200"
"1644821766508","POST","17","200"
"1644821766507","POST","18","200"
"1644821766509","POST","17","200"
"1644821766507","POST","19","200"
"1644821766507","POST","19","200"
"1644821766498","POST","30","200"
"1644821766498","POST","30","200"
"1644821766511","POST","17","200"
"1644821766511","POST","17","200"
"1644821766511","POST","17","200"
"1644821766503","POST","30","200"
"1644821766503","POST","31","200"
"1644821766503","POST","32","200"
"1644821766498","POST","38","200"
"1644821766498","POST","41","200"
"1644821766520","POST","19","200"
"1644821766507","POST","32","200"
"1644821766503","POST","36","200"
"1644821766519","POST","21","200"
"1644821766520","POST","20","200"
"1644821766503","POST","37","200"
"1644821766503","POST","37","200"
"1644821766503","POST","39","200"
"1644821766507","POST","36","200"
"1644821766534","POST","14","200"
"1644821766533","POST","15","200"
"1644821766535","POST","15","200"
"1644821766539","POST","13","200"
"1644821766540","POST","16","200"
"1644821766540","POST","16","200"
"1644821766539","POST","17","200"
"1644821766540","POST","17","200"
"1644821766542","POST","15","200"
"1644821766540","POST","17","200"
"1644821766548","POST","14","200"
"1644821766548","POST","14","200"
"1644821766550","POST","13","200"
"1644821766552","POST","14","200"
"1644821766556","POST","14","200"
"1644821766557","POST","15","200"
"1644821766557","POST","15","200"
"1644821766557","POST","15","200"
"1644821766556","POST","16","200"
"1644821766556","POST","16","200"
"1644821766563","POST","13","200"
"1644821766562","POST","14","200"
"1644821766562","POST","14","200"
"1644821766566","POST","13","200"
"1644821766570","POST","13","200"
"1644821766572","POST","14","200"
"1644821766572","POST","16","200"
"1644821766572","POST","16","200"
"1644821766572","POST","16","200"
"1644821766572","POST","16","200"
"1644821766579","POST","13","200"
"1644821766576","POST","16","200"
"1644821766576","POST","16","200"
"1644821766576","POST","17","200"
"1644821766583","POST","13","200"
"1644821766586","POST","13","200"
"1644821766588","POST","14","200"
"1644821766588","POST","14","200"
"1644821766588","POST","14","200"
"1644821766588","POST","14","200"
"1644821766592","POST","13","200"
"1644821766592","POST","15","200"
"1644821766592","POST","15","200"
"1644821766593","POST","14","200"
"1644821766596","POST","14","200"
"1644821766599","POST","13","200"
"1644821766602","POST","15","200"
"1644821766602","POST","15","200"
"1644821766602","POST","15","200"
"1644821766602","POST","15","200"
"1644821766605","POST","14","200"
"1644821766607","POST","14","200"
"1644821766607","POST","14","200"
"1644821766607","POST","14","200"
"1644821766610","POST","13","200"
"1644821766612","POST","14","200"
"1644821766619","POST","11","200"
"1644821766617","POST","15","200"
"1644821766617","POST","15","200"
"1644821766617","POST","15","200"
"1644821766617","POST","16","200"
"1644821766621","POST","13","200"
"1644821766621","POST","13","200"
"1644821766621","POST","13","200"
"1644821766623","POST","13","200"
"1644821766626","POST","14","200"
"1644821766630","POST","12","200"
"1644821766632","POST","15","200"
"1644821766632","POST","15","200"
"1644821766632","POST","15","200"
"1644821766634","POST","14","200"
"1644821766634","POST","14","200"
"1644821766633","POST","15","200"
"1644821766634","POST","14","200"
"1644821766636","POST","13","200"
"1644821766640","POST","13","200"
"1644821766642","POST","13","200"
"1644821766647","POST","15","200"
"1644821766647","POST","16","200"
"1644821766647","POST","16","200"
"1644821766648","POST","17","200"
"1644821766648","POST","17","200"
"1644821766648","POST","17","200"
"1644821766649","POST","16","200"
"1644821766648","POST","17","200"
"1644821766663","POST","12","200"
"1644821766665","POST","14","200"
